Id,Label,Degree,Betweenness,Expression,Rank(Degree),Rank(Bet),Avg Rank
3815,KIT,28,4768,0,3,5,4
6387,CXCL12,36,2238.56,0,2,14,8,,Key Gene
8313,AXIN2,20,2889,0,5,12,8.5,,KIT
100423062,IGLL5,42,1928,0,1,17,9,,CXCL12
2788,GNG7,15,2549.65,0,10,13,11.5,,AXIN2
7068,THRB,10,7607.5,0,23,1,12,,IGLL5
216,ALDH1A1,25,1647.41,0,4,21,12.5,,GNG7
1511,CTSG,11,4432,0,19.5,8,13.75,,THRB
1191,CLU,10,3386,0,23,10,16.5,,ALDH1A1
773,CACNA1A,12,1842,0,17,18,17.5,,CTSG
655,BMP7,14,1033,0,13,32,22.5,,CLU
9314,KLF4,9,1831,0,29,19,24,,CACNA1A
4629,MYH11,14,845,0,13,40,26.5,,
6355,CCL8,16,691.22,0,7.5,47,27.25,,
2494,NR5A2,6,5422,0,52.5,3,27.75,,
3778,KCNMA1,9,1336,0,29,27,28,,
3075,CFH,9,1293.5,0,29,28,28.5,,
54658,UGT1A1,11,915.75,0,19.5,38,28.75,,
1902,LPAR1,13,757.15,0,15.5,45,30.25,,
1499,CTNNB1,5,5872,0,65,2,33.5,,
477,ATP1A2,11,665,0,19.5,48,33.75,,
7804,LRP8,6,2060,0,52.5,16,34.25,,
2938,GSTA1,13,527.57,0,15.5,54,34.75,,
57016,AKR1B10,9,818,0,29,42,35.5,,
4306,NR3C2,5,4614,0,65,6,35.5,,
2641,GCG,8,972.63,0,36.5,36,36.25,,
1001,CDH3,6,1682,0,52.5,20,36.25,,
948,CD36,7,873,0,42.5,39,40.75,,
1264,CNN1,6,1073,0,52.5,31,41.75,,
1645,AKR1C1,10,412.3,0,23,61,42,,
2920,CXCL2,17,194.59,0,6,81,43.5,,
5350,PLN,8,535,0,36.5,53,44.75,,
3294,HSD17B2,8,476.22,0,36.5,56,46.25,,
54894,RNF43,16,156.5,0,7.5,86,46.75,,
2550,GABBR1,8,468.99,0,36.5,57,46.75,,
8639,AOC3,9,287,0,29,72,50.5,,
3576,CXCL8,9,279.76,0,29,73,51,,
5174,PDZK1,7,411,0,42.5,62,52.25,,
9076,CLDN1,6,511,0,52.5,55,53.75,,
270,AMPD1,9,212,0,29,79,54,,
6422,SFRP1,15,110,0,10,100,55,,
287,ANK2,15,105,0,10,101,55.5,,
1030,CDKN2B,5,586,0,65,51,58,,
9465,AKAP7,5,576,0,65,52,58.5,,
7432,VIP,6,362.5,0,52.5,65,58.75,,
9378,NRXN1,14,91,0,13,105,59,,
2690,GHR,5,441.5,0,65,60,62.5,,
6446,SGK1,11,90,0,19.5,106,62.75,,
1577,CYP3A5,4,629.73,0,78,49.5,63.75,,
1576,CYP3A4,4,629.73,0,78,49.5,63.75,,
1234,CCR5,3,1342.04,0,105,26,65.5,,
3624,INHBA,6,194.5,0,52.5,82,67.25,,
808,CALM3,3,1140,0,105,30,67.5,,
2770,GNAI1,4,443.85,0,78,59,68.5,,
2778,GNAS,3,1030.87,0,105,33,69,,
4886,NPY1R,5,239.16,0,65,74,69.5,,
7082,TJP1,3,994.75,0,105,34,69.5,,
1543,CYP1A1,4,383.66,0,78,63,70.5,,
5145,PDE6A,7,113.5,0,42.5,99,70.75,,
873,CBR1,3,829,0,105,41,73,,
9073,CLDN8,4,216,0,78,78,78,,
25902,MTHFD1L,5,120,0,65,97,81,,
79075,DSCC1,9,36,0,29,135,82,,
9319,TRIP13,7,63,0,42.5,123.5,83,,
54443,ANLN,7,63,0,42.5,123.5,83,,
79799,UGT2A3,3,367.75,0,105,64,84.5,,
5566,PRKACA,3,353,0,105,67,86,,
5567,PRKACB,3,353,0,105,67,86,,
5568,PRKACG,3,353,0,105,67,86,,
6374,CXCL5,9,15.13,0,29,144,86.5,,
2782,GNB1,3,324.95,0,105,69,87,,
57761,TRIB3,8,28,0,36.5,138,87.25,,
2919,CXCL1,8,25.53,0,36.5,139,87.75,,
3579,CXCR2,6,62.12,0,52.5,125,88.75,,
1548,CYP2A6,3,226.54,0,105,75,90,,
8549,LGR5,6,51.5,0,52.5,128,90.25,,
6338,SCNN1B,6,50,0,52.5,129,90.75,,
6356,CCL11,6,49.96,0,52.5,130,91.25,,
10499,NCOA2,2,5244,0,182,4,93,,
8648,NCOA1,2,4558,0,182,7,94.5,,
2771,GNAI2,3,176.51,0,105,84.5,94.75,,
2773,GNAI3,3,176.51,0,105,84.5,94.75,,
183,AGT,2,4218,0,182,9,95.5,,
4057,LTF,2,3294,0,182,11,96.5,,
64388,GREM2,4,65.5,0,78,116,97,,
57556,SEMA6A,6,18.5,0,52.5,143,97.75,,
93,ACVR2B,3,143.67,0,105,91,98,,
7436,VLDLR,2,2128,0,182,15,98.5,,
730,C7,6,15,0,52.5,145.5,99,,
3977,LIFR,6,15,0,52.5,145.5,99,,
290,ANPEP,3,141,0,105,93,99,,
6372,CXCL6,5,37.06,0,65,134,99.5,,
5697,PYY,3,140.29,0,105,94,99.5,,
2766,GMPR,3,131,0,105,95,100,,
2069,EREG,3,129,0,105,96,100.5,,
6846,XCL2,5,31.64,0,65,137,101,,
348,APOE,2,1390,0,182,22,102,,
5296,PIK3R2,2,1380.67,0,182,24,103,,
8503,PIK3R3,2,1380.67,0,182,24,103,,
5295,PIK3R1,2,1380.67,0,182,24,103,,
1856,DVL2,3,97,0,105,103,104,,
1857,DVL3,3,97,0,105,103,104,,
1855,DVL1,3,97,0,105,103,104,,
3577,CXCR1,4,45.66,0,78,132,105,,
775,CACNA1C,2,1232,0,182,29,105.5,,
4067,LYN,2,994,0,182,35,108.5,,
10071,MUC12,5,10,0,65,154,109.5,,
657,BMPR1A,2,920,0,182,37,109.5,,
72,ACTG2,2,812,0,182,43,112.5,,
7852,CXCR4,2,777.56,0,182,44,113,,
7076,TIMP1,4,14.33,0,78,149,113.5,,
4609,MYC,2,720,0,182,46,114,,
4316,MMP7,4,11.17,0,78,151.5,114.75,,
4314,MMP3,4,11.17,0,78,151.5,114.75,,
6423,SFRP2,5,5,0,65,168,116.5,,
2192,FBLN1,4,9,0,78,155,116.5,,
2921,CXCL3,7,2.27,0,42.5,194,118.25,,
5576,PRKAR2A,2,455,0,182,58,120,,
7850,IL1R2,4,6,0,78,163.5,120.75,,
1301,COL11A1,4,6,0,78,163.5,120.75,,
284217,LAMA1,4,6,0,78,163.5,120.75,,
5239,PGM5,4,6,0,78,163.5,120.75,,
5196,PF4,3,23.3,0,105,141,123,,
6777,STAT5B,2,288,0,182,70.5,126.25,,
6776,STAT5A,2,288,0,182,70.5,126.25,,
2167,FABP4,3,11,0,105,153,129,,
2740,GLP1R,2,217.5,0,182,76.5,129.25,,
2696,GIPR,2,217.5,0,182,76.5,129.25,,
4312,MMP1,3,8.67,0,105,156,130.5,,
2810,SFN,2,207,0,182,80,131,,
9547,CXCL14,3,8.35,0,105,158.5,131.75,,
1956,EGFR,2,189,0,182,83,132.5,,
7077,TIMP2,3,6.33,0,105,161,133,,
867,CBL,2,148,0,182,88.5,135.25,,
351,APP,2,148,0,182,88.5,135.25,,
8202,NCOA3,2,148,0,182,88.5,135.25,,
5308,PITX2,2,148,0,182,88.5,135.25,,
6548,SLC9A1,3,5,0,105,168,136.5,,
4494,MT1F,3,5,0,105,168,136.5,,
1592,CYP26A1,2,142,0,182,92,137,,
471,ATIC,2,119,0,182,98,140,,
6373,CXCL11,3,3.4,0,105,175.5,140.25,,
1559,CYP2C9,2,85.88,0,182,107.5,144.75,,
1544,CYP1A2,2,85.88,0,182,107.5,144.75,,
9603,NFE2L3,3,3,0,105,185,145,,
4488,MSX2,3,3,0,105,185,145,,
9518,GDF15,3,3,0,105,185,145,,
10894,LYVE1,3,3,0,105,185,145,,
6750,SST,3,3,0,105,185,145,,
197257,LDHD,3,3,0,105,185,145,,
11005,SPINK5,3,3,0,105,185,145,,
3899,AFF3,3,3,0,105,185,145,,
92,ACVR2A,2,78.67,0,182,109.5,145.75,,
10468,FST,2,78.67,0,182,109.5,145.75,,
10681,GNB5,2,78.23,0,182,111,146.5,,
718,C3,2,73.5,0,182,112.5,147.25,,
629,CFB,2,73.5,0,182,112.5,147.25,,
10170,DHRS9,2,72,0,182,114,148,,
1811,SLC26A3,2,71,0,182,115,148.5,,
10673,TNFSF13B,2,65,0,182,117,149.5,,
217,ALDH2,2,64,0,182,120,151,,
224,ALDH3A2,2,64,0,182,120,151,,
223,ALDH9A1,2,64,0,182,120,151,,
219,ALDH1B1,2,64,0,182,120,151,,
501,ALDH7A1,2,64,0,182,120,151,,
1586,CYP17A1,2,61.47,0,182,126,154,,
1545,CYP1B1,2,56.42,0,182,127,154.5,,
10112,KIF20A,2,49,0,182,131,156.5,,
6472,SHMT2,2,44,0,182,133,157.5,,
85407,NKD1,3,1,0,105,213,159,,
85409,NKD2,3,1,0,105,213,159,,
54331,GNG2,2,32.4,0,182,136,159,,
2776,GNAQ,2,23.39,0,182,140,161,,
29968,PSAT1,2,23,0,182,142,162,,
1553,CYP2A13,2,14.85,0,182,147.5,164.75,,
1571,CYP2E1,2,14.85,0,182,147.5,164.75,,
6003,RGS13,2,11.63,0,182,150,166,,
5152,PDE9A,2,8.5,0,182,157,169.5,,
6364,CCL20,2,8.35,0,182,158.5,170.25,,
5468,PPARG,2,8,0,182,160,171,,
2806,GOT2,2,5,0,182,168,175,,
5105,PCK1,2,5,0,182,168,175,,
2335,FN1,2,4,0,182,171,176.5,,
6357,CCL13,2,3.4,0,182,175.5,178.75,,
5473,PPBP,2,3.4,0,182,175.5,178.75,,
1230,CCR1,2,3.4,0,182,175.5,178.75,,
3627,CXCL10,2,3.4,0,182,175.5,178.75,,
10344,CCL26,2,3.4,0,182,175.5,178.75,,
1238,ACKR2,2,3.4,0,182,175.5,178.75,,
284340,CXCL17,2,3.4,0,182,175.5,178.75,,
760,CA2,2,3,0,182,185,183.5,,
2987,GUK1,2,3,0,182,185,183.5,,
4495,MT1G,2,3,0,182,185,183.5,,
5970,RELA,2,2.8,0,182,191,186.5,,
91584,PLXNA4,2,2.5,0,182,192.5,187.25,,
5361,PLXNA1,2,2.5,0,182,192.5,187.25,,
7474,WNT5A,2,2.2,0,182,197,189.5,,
7472,WNT2,2,2.2,0,182,197,189.5,,
89780,WNT3A,2,2.2,0,182,197,189.5,,
54361,WNT4,2,2.2,0,182,197,189.5,,
7477,WNT7B,2,2.2,0,182,197,189.5,,
7078,TIMP3,2,1.33,0,182,200,191,,
2532,ACKR1,2,1.17,0,182,201,191.5,,
1113,CHGA,2,1,0,182,213,197.5,,
4224,MEP1A,2,1,0,182,213,197.5,,
9499,MYOT,2,1,0,182,213,197.5,,
8140,SLC7A5,2,1,0,182,213,197.5,,
84803,GPAT3,2,1,0,182,213,197.5,,
123,PLIN2,2,1,0,182,213,197.5,,
10481,HOXB13,2,1,0,182,213,197.5,,
6493,SIM2,2,1,0,182,213,197.5,,
7123,CLEC3B,2,1,0,182,213,197.5,,
85477,SCIN,2,1,0,182,213,197.5,,
3489,IGFBP6,2,1,0,182,213,197.5,,
125,ADH1B,2,1,0,182,213,197.5,,
387849,REP15,2,1,0,182,213,197.5,,
51330,TNFRSF12A,2,1,0,182,213,197.5,,
116447,TOP1MT,2,1,0,182,213,197.5,,
1908,EDN3,2,1,0,182,213,197.5,,
10231,RCAN2,2,1,0,182,213,197.5,,
7546,ZIC2,2,1,0,182,213,197.5,,
53841,CDHR5,2,1,0,182,213,197.5,,
6335,SCN9A,2,1,0,182,213,197.5,,
9429,ABCG2,2,1,0,182,213,197.5,,
100506658,OCLN,2,0.75,0,182,226,204,,
9414,TJP2,2,0.75,0,182,226,204,,
27134,TJP3,2,0.75,0,182,226,204,,
80031,SEMA6D,2,0.5,0,182,228.5,205.25,,
1675,CFD,2,0.5,0,182,228.5,205.25,,
6347,CCL2,2,0,0,182,529.5,355.75,,
652,BMP4,2,0,0,182,529.5,355.75,,
6366,CCL21,2,0,0,182,529.5,355.75,,
340419,RSPO2,2,0,0,182,529.5,355.75,,
284654,RSPO1,2,0,0,182,529.5,355.75,,
56477,CCL28,2,0,0,182,529.5,355.75,,
4283,CXCL9,2,0,0,182,529.5,355.75,,
6375,XCL1,2,0,0,182,529.5,355.75,,
650,BMP2,2,0,0,182,529.5,355.75,,
23327,NEDD4L,2,0,0,182,529.5,355.75,,
2288,FKBP4,1,0,0,534.5,529.5,532,,
56603,CYP26B1,1,0,0,534.5,529.5,532,,
1080,CFTR,1,0,0,534.5,529.5,532,,
5166,PDK4,1,0,0,534.5,529.5,532,,
10083,USH1C,1,0,0,534.5,529.5,532,,
6344,SCTR,1,0,0,534.5,529.5,532,,
1634,DCN,1,0,0,534.5,529.5,532,,
608,TNFRSF17,1,0,0,534.5,529.5,532,,
5982,RFC2,1,0,0,534.5,529.5,532,,
933,CD22,1,0,0,534.5,529.5,532,,
10272,FSTL3,1,0,0,534.5,529.5,532,,
8646,CHRD,1,0,0,534.5,529.5,532,,
350,APOH,1,0,0,534.5,529.5,532,,
124,ADH1A,1,0,0,534.5,529.5,532,,
2940,GSTA3,1,0,0,534.5,529.5,532,,
5008,OSM,1,0,0,534.5,529.5,532,,
5594,MAPK1,1,0,0,534.5,529.5,532,,
5106,PCK2,1,0,0,534.5,529.5,532,,
343637,RSPO4,1,0,0,534.5,529.5,532,,
23439,ATP1B4,1,0,0,534.5,529.5,532,,
2158,F9,1,0,0,534.5,529.5,532,,
869,CBLN1,1,0,0,534.5,529.5,532,,
5327,PLAT,1,0,0,534.5,529.5,532,,
1178,CLC,1,0,0,534.5,529.5,532,,
973,CD79A,1,0,0,534.5,529.5,532,,
2931,GSK3A,1,0,0,534.5,529.5,532,,
5444,PON1,1,0,0,534.5,529.5,532,,
3912,LAMB1,1,0,0,534.5,529.5,532,,
51384,WNT16,1,0,0,534.5,529.5,532,,
727,C5,1,0,0,534.5,529.5,532,,
59,ACTA2,1,0,0,534.5,529.5,532,,
4353,MPO,1,0,0,534.5,529.5,532,,
7473,WNT3,1,0,0,534.5,529.5,532,,
11216,AKAP10,1,0,0,534.5,529.5,532,,
51225,ABI3,1,0,0,534.5,529.5,532,,
51056,LAP3,1,0,0,534.5,529.5,532,,
5197,PF4V1,1,0,0,534.5,529.5,532,,
3558,IL2,1,0,0,534.5,529.5,532,,
4633,MYL2,1,0,0,534.5,529.5,532,,
11211,FZD10,1,0,0,534.5,529.5,532,,
2784,GNB3,1,0,0,534.5,529.5,532,,
79923,NANOG,1,0,0,534.5,529.5,532,,
55754,TMEM30A,1,0,0,534.5,529.5,532,,
2908,NR3C1,1,0,0,534.5,529.5,532,,
51185,CRBN,1,0,0,534.5,529.5,532,,
2779,GNAT1,1,0,0,534.5,529.5,532,,
59345,GNB4,1,0,0,534.5,529.5,532,,
338,APOB,1,0,0,534.5,529.5,532,,
9784,SNX17,1,0,0,534.5,529.5,532,,
7475,WNT6,1,0,0,534.5,529.5,532,,
5624,PROC,1,0,0,534.5,529.5,532,,
6697,SPR,1,0,0,534.5,529.5,532,,
10459,MAD2L2,1,0,0,534.5,529.5,532,,
335,APOA1,1,0,0,534.5,529.5,532,,
5273,SERPINB10,1,0,0,534.5,529.5,532,,
7976,FZD3,1,0,0,534.5,529.5,532,,
157506,RDH10,1,0,0,534.5,529.5,532,,
6718,AKR1D1,1,0,0,534.5,529.5,532,,
976,ADGRE5,1,0,0,534.5,529.5,532,,
7130,TNFAIP6,1,0,0,534.5,529.5,532,,
130399,ACVR1C,1,0,0,534.5,529.5,532,,
3991,LIPE,1,0,0,534.5,529.5,532,,
1236,CCR7,1,0,0,534.5,529.5,532,,
7186,TRAF2,1,0,0,534.5,529.5,532,,
3976,LIF,1,0,0,534.5,529.5,532,,
8854,ALDH1A2,1,0,0,534.5,529.5,532,,
51554,ACKR4,1,0,0,534.5,529.5,532,,
482,ATP1B2,1,0,0,534.5,529.5,532,,
6320,CLEC11A,1,0,0,534.5,529.5,532,,
1258,CNGB1,1,0,0,534.5,529.5,532,,
2780,GNAT2,1,0,0,534.5,529.5,532,,
4298,MLLT1,1,0,0,534.5,529.5,532,,
3911,LAMA5,1,0,0,534.5,529.5,532,,
314,AOC2,1,0,0,534.5,529.5,532,,
8431,NR0B2,1,0,0,534.5,529.5,532,,
6754,SSTR4,1,0,0,534.5,529.5,532,,
1401,CRP,1,0,0,534.5,529.5,532,,
1116,CHI3L1,1,0,0,534.5,529.5,532,,
3845,KRAS,1,0,0,534.5,529.5,532,,
4544,MTNR1B,1,0,0,534.5,529.5,532,,
6947,TCN1,1,0,0,534.5,529.5,532,,
324,APC,1,0,0,534.5,529.5,532,,
4907,NT5E,1,0,0,534.5,529.5,532,,
1019,CDK4,1,0,0,534.5,529.5,532,,
27345,KCNMB4,1,0,0,534.5,529.5,532,,
3915,LAMC1,1,0,0,534.5,529.5,532,,
3557,IL1RN,1,0,0,534.5,529.5,532,,
9568,GABBR2,1,0,0,534.5,529.5,532,,
5168,ENPP2,1,0,0,534.5,529.5,532,,
5460,POU5F1,1,0,0,534.5,529.5,532,,
7057,THBS1,1,0,0,534.5,529.5,532,,
9493,KIF23,1,0,0,534.5,529.5,532,,
6519,SLC3A1,1,0,0,534.5,529.5,532,,
6496,SIX3,1,0,0,534.5,529.5,532,,
2660,MSTN,1,0,0,534.5,529.5,532,,
894,CCND2,1,0,0,534.5,529.5,532,,
4040,LRP6,1,0,0,534.5,529.5,532,,
949,SCARB1,1,0,0,534.5,529.5,532,,
999,CDH1,1,0,0,534.5,529.5,532,,
1452,CSNK1A1,1,0,0,534.5,529.5,532,,
2324,FLT4,1,0,0,534.5,529.5,532,,
7434,VIPR2,1,0,0,534.5,529.5,532,,
63922,CHTF18,1,0,0,534.5,529.5,532,,
8312,AXIN1,1,0,0,534.5,529.5,532,,
3674,ITGA2B,1,0,0,534.5,529.5,532,,
6521,SLC4A1,1,0,0,534.5,529.5,532,,
9368,NHERF1,1,0,0,534.5,529.5,532,,
3249,HPN,1,0,0,534.5,529.5,532,,
2549,GAB1,1,0,0,534.5,529.5,532,,
5595,MAPK3,1,0,0,534.5,529.5,532,,
2033,EP300,1,0,0,534.5,529.5,532,,
3552,IL1A,1,0,0,534.5,529.5,532,,
3553,IL1B,1,0,0,534.5,529.5,532,,
735,C9,1,0,0,534.5,529.5,532,,
729,C6,1,0,0,534.5,529.5,532,,
975,CD81,1,0,0,534.5,529.5,532,,
5067,CNTN3,1,0,0,534.5,529.5,532,,
5290,PIK3CA,1,0,0,534.5,529.5,532,,
3931,LCAT,1,0,0,534.5,529.5,532,,
7155,TOP2B,1,0,0,534.5,529.5,532,,
25759,SHC2,1,0,0,534.5,529.5,532,,
6774,STAT3,1,0,0,534.5,529.5,532,,
10891,PPARGC1A,1,0,0,534.5,529.5,532,,
6550,SLC9A3,1,0,0,534.5,529.5,532,,
26998,FETUB,1,0,0,534.5,529.5,532,,
51176,LEF1,1,0,0,534.5,529.5,532,,
1950,EGF,1,0,0,534.5,529.5,532,,
8829,NRP1,1,0,0,534.5,529.5,532,,
320,APBA1,1,0,0,534.5,529.5,532,,
5577,PRKAR2B,1,0,0,534.5,529.5,532,,
1021,CDK6,1,0,0,534.5,529.5,532,,
79109,MAPKAP1,1,0,0,534.5,529.5,532,,
3416,IDE,1,0,0,534.5,529.5,532,,
4060,LUM,1,0,0,534.5,529.5,532,,
2065,ERBB3,1,0,0,534.5,529.5,532,,
2252,FGF7,1,0,0,534.5,529.5,532,,
9611,NCOR1,1,0,0,534.5,529.5,532,,
7157,TP53,1,0,0,534.5,529.5,532,,
5275,SERPINB13,1,0,0,534.5,529.5,532,,
151449,GDF7,1,0,0,534.5,529.5,532,,
130589,GALM,1,0,0,534.5,529.5,532,,
4211,MEIS1,1,0,0,534.5,529.5,532,,
57007,ACKR3,1,0,0,534.5,529.5,532,,
275,AMT,1,0,0,534.5,529.5,532,,
2169,FABP2,1,0,0,534.5,529.5,532,,
3578,IL9,1,0,0,534.5,529.5,532,,
3779,KCNMB1,1,0,0,534.5,529.5,532,,
26045,LRRTM2,1,0,0,534.5,529.5,532,,
2768,GNA12,1,0,0,534.5,529.5,532,,
8795,TNFRSF10B,1,0,0,534.5,529.5,532,,
6327,SCN2B,1,0,0,534.5,529.5,532,,
10398,MYL9,1,0,0,534.5,529.5,532,,
4319,MMP10,1,0,0,534.5,529.5,532,,
1489,CTF1,1,0,0,534.5,529.5,532,,
5860,QDPR,1,0,0,534.5,529.5,532,,
2895,GRID2,1,0,0,534.5,529.5,532,,
83439,TCF7L1,1,0,0,534.5,529.5,532,,
651,BMP3,1,0,0,534.5,529.5,532,,
2911,GRM1,1,0,0,534.5,529.5,532,,
115827,RAB3C,1,0,0,534.5,529.5,532,,
654,BMP6,1,0,0,534.5,529.5,532,,
6317,SERPINB3,1,0,0,534.5,529.5,532,,
25890,ABI3BP,1,0,0,534.5,529.5,532,,
84976,DISP1,1,0,0,534.5,529.5,532,,
7476,WNT7A,1,0,0,534.5,529.5,532,,
1562,CYP2C18,1,0,0,534.5,529.5,532,,
8324,FZD7,1,0,0,534.5,529.5,532,,
1836,SLC26A2,1,0,0,534.5,529.5,532,,
483,ATP1B3,1,0,0,534.5,529.5,532,,
11197,WIF1,1,0,0,534.5,529.5,532,,
701,BUB1B,1,0,0,534.5,529.5,532,,
8321,FZD1,1,0,0,534.5,529.5,532,,
486,FXYD2,1,0,0,534.5,529.5,532,,
643,CXCR5,1,0,0,534.5,529.5,532,,
2264,FGFR4,1,0,0,534.5,529.5,532,,
1584,CYP11B1,1,0,0,534.5,529.5,532,,
7471,WNT1,1,0,0,534.5,529.5,532,,
8742,TNFSF12,1,0,0,534.5,529.5,532,,
6755,SSTR5,1,0,0,534.5,529.5,532,,
4041,LRP5,1,0,0,534.5,529.5,532,,
9965,FGF19,1,0,0,534.5,529.5,532,,
10158,PDZK1IP1,1,0,0,534.5,529.5,532,,
347730,LRRTM1,1,0,0,534.5,529.5,532,,
3760,KCNJ3,1,0,0,534.5,529.5,532,,
5161,PDHA2,1,0,0,534.5,529.5,532,,
6314,ATXN7,1,0,0,534.5,529.5,532,,
5806,PTX3,1,0,0,534.5,529.5,532,,
4085,MAD2L1,1,0,0,534.5,529.5,532,,
3600,IL15,1,0,0,534.5,529.5,532,,
253260,RICTOR,1,0,0,534.5,529.5,532,,
7098,TLR3,1,0,0,534.5,529.5,532,,
1437,CSF2,1,0,0,534.5,529.5,532,,
3313,HSPA9,1,0,0,534.5,529.5,532,,
1278,COL1A2,1,0,0,534.5,529.5,532,,
1669,DEFA4,1,0,0,534.5,529.5,532,,
1671,DEFA6,1,0,0,534.5,529.5,532,,
7373,COL14A1,1,0,0,534.5,529.5,532,,
2277,VEGFD,1,0,0,534.5,529.5,532,,
552,AVPR1A,1,0,0,534.5,529.5,532,,
6340,SCNN1G,1,0,0,534.5,529.5,532,,
63928,CHP2,1,0,0,534.5,529.5,532,,
1581,CYP7A1,1,0,0,534.5,529.5,532,,
10022,INSL5,1,0,0,534.5,529.5,532,,
54578,UGT1A6,1,0,0,534.5,529.5,532,,
255738,PCSK9,1,0,0,534.5,529.5,532,,
6323,SCN1A,1,0,0,534.5,529.5,532,,
7857,SCG2,1,0,0,534.5,529.5,532,,
163688,CALML6,1,0,0,534.5,529.5,532,,
1495,CTNNA1,1,0,0,534.5,529.5,532,,
3596,IL13,1,0,0,534.5,529.5,532,,
2783,GNB2,1,0,0,534.5,529.5,532,,
57555,NLGN2,1,0,0,534.5,529.5,532,,
10678,B3GNT2,1,0,0,534.5,529.5,532,,
3708,ITPR1,1,0,0,534.5,529.5,532,,
11337,GABARAP,1,0,0,534.5,529.5,532,,
157570,ESCO2,1,0,0,534.5,529.5,532,,
4632,MYL1,1,0,0,534.5,529.5,532,,
9915,ARNT2,1,0,0,534.5,529.5,532,,
29785,CYP2S1,1,0,0,534.5,529.5,532,,
2147,F2,1,0,0,534.5,529.5,532,,
5340,PLG,1,0,0,534.5,529.5,532,,
1579,CYP4A11,1,0,0,534.5,529.5,532,,
8658,TNKS,1,0,0,534.5,529.5,532,,
84868,HAVCR2,1,0,0,534.5,529.5,532,,
2688,GH1,1,0,0,534.5,529.5,532,,
3078,CFHR1,1,0,0,534.5,529.5,532,,
3556,IL1RAP,1,0,0,534.5,529.5,532,,
1909,EDNRA,1,0,0,534.5,529.5,532,,
810,CALML3,1,0,0,534.5,529.5,532,,
10859,LILRB1,1,0,0,534.5,529.5,532,,
220441,RNF152,1,0,0,534.5,529.5,532,,
274,BIN1,1,0,0,534.5,529.5,532,,
3291,HSD11B2,1,0,0,534.5,529.5,532,,
8542,APOL1,1,0,0,534.5,529.5,532,,
51332,SPTBN5,1,0,0,534.5,529.5,532,,
6470,SHMT1,1,0,0,534.5,529.5,532,,
7358,UGDH,1,0,0,534.5,529.5,532,,
30817,ADGRE2,1,0,0,534.5,529.5,532,,
783,CACNB2,1,0,0,534.5,529.5,532,,
5315,PKM,1,0,0,534.5,529.5,532,,
3059,HCLS1,1,0,0,534.5,529.5,532,,
3615,IMPDH2,1,0,0,534.5,529.5,532,,
2118,ETV4,1,0,0,534.5,529.5,532,,
5426,POLE,1,0,0,534.5,529.5,532,,
6657,SOX2,1,0,0,534.5,529.5,532,,
2535,FZD2,1,0,0,534.5,529.5,532,,
1555,CYP2B6,1,0,0,534.5,529.5,532,,
2932,GSK3B,1,0,0,534.5,529.5,532,,
1585,CYP11B2,1,0,0,534.5,529.5,532,,
10901,DHRS4,1,0,0,534.5,529.5,532,,
4094,MAF,1,0,0,534.5,529.5,532,,
2318,FLNC,1,0,0,534.5,529.5,532,,
7433,VIPR1,1,0,0,534.5,529.5,532,,
1435,CSF1,1,0,0,534.5,529.5,532,,
51132,RLIM,1,0,0,534.5,529.5,532,,
9241,NOG,1,0,0,534.5,529.5,532,,
5148,PDE6G,1,0,0,534.5,529.5,532,,
399694,SHC4,1,0,0,534.5,529.5,532,,
23705,CADM1,1,0,0,534.5,529.5,532,,
4496,MT1H,1,0,0,534.5,529.5,532,,
2826,CCR10,1,0,0,534.5,529.5,532,,
4887,NPY2R,1,0,0,534.5,529.5,532,,
682,BSG,1,0,0,534.5,529.5,532,,
81565,NDEL1,1,0,0,534.5,529.5,532,,
2774,GNAL,1,0,0,534.5,529.5,532,,
339761,CYP27C1,1,0,0,534.5,529.5,532,,
54997,TESC,1,0,0,534.5,529.5,532,,
10076,PTPRU,1,0,0,534.5,529.5,532,,
23336,SYNM,1,0,0,534.5,529.5,532,,
468,ATF4,1,0,0,534.5,529.5,532,,
1551,CYP3A7,1,0,0,534.5,529.5,532,,
25818,KLK5,1,0,0,534.5,529.5,532,,
3363,HTR7,1,0,0,534.5,529.5,532,,
7360,UGP2,1,0,0,534.5,529.5,532,,
2309,FOXO3,1,0,0,534.5,529.5,532,,
5313,PKLR,1,0,0,534.5,529.5,532,,
6932,TCF7,1,0,0,534.5,529.5,532,,
7479,WNT8B,1,0,0,534.5,529.5,532,,
4137,MAPT,1,0,0,534.5,529.5,532,,
10917,BTNL3,1,0,0,534.5,529.5,532,,
9588,PRDX6,1,0,0,534.5,529.5,532,,
79908,BTNL8,1,0,0,534.5,529.5,532,,
2066,ERBB4,1,0,0,534.5,529.5,532,,
921,CD5,1,0,0,534.5,529.5,532,,
23136,EPB41L3,1,0,0,534.5,529.5,532,,
6318,SERPINB4,1,0,0,534.5,529.5,532,,
389400,GFRAL,1,0,0,534.5,529.5,532,,
54575,UGT1A10,1,0,0,534.5,529.5,532,,
1235,CCR6,1,0,0,534.5,529.5,532,,
5170,PDPK1,1,0,0,534.5,529.5,532,,
23114,NFASC,1,0,0,534.5,529.5,532,,
7975,MAFK,1,0,0,534.5,529.5,532,,
3614,IMPDH1,1,0,0,534.5,529.5,532,,
3516,RBPJ,1,0,0,534.5,529.5,532,,
3146,HMGB1,1,0,0,534.5,529.5,532,,
57524,CASKIN1,1,0,0,534.5,529.5,532,,
8326,FZD9,1,0,0,534.5,529.5,532,,
54716,SLC6A20,1,0,0,534.5,529.5,532,,
1399,CRKL,1,0,0,534.5,529.5,532,,
2534,FYN,1,0,0,534.5,529.5,532,,
54600,UGT1A9,1,0,0,534.5,529.5,532,,
5979,RET,1,0,0,534.5,529.5,532,,
22829,NLGN4Y,1,0,0,534.5,529.5,532,,
84870,RSPO3,1,0,0,534.5,529.5,532,,
6711,SPTBN1,1,0,0,534.5,529.5,532,,
781,CACNA2D1,1,0,0,534.5,529.5,532,,
487,ATP2A1,1,0,0,534.5,529.5,532,,
6752,SSTR2,1,0,0,534.5,529.5,532,,
10803,CCR9,1,0,0,534.5,529.5,532,,
4097,MAFG,1,0,0,534.5,529.5,532,,
1524,CX3CR1,1,0,0,534.5,529.5,532,,
405,ARNT,1,0,0,534.5,529.5,532,,
2213,FCGR2B,1,0,0,534.5,529.5,532,,
54413,NLGN3,1,0,0,534.5,529.5,532,,
8323,FZD6,1,0,0,534.5,529.5,532,,
2712,GK2,1,0,0,534.5,529.5,532,,
84665,MYPN,1,0,0,534.5,529.5,532,,
7048,TGFBR2,1,0,0,534.5,529.5,532,,
2547,XRCC6,1,0,0,534.5,529.5,532,,
8076,MFAP5,1,0,0,534.5,529.5,532,,
6261,RYR1,1,0,0,534.5,529.5,532,,
489,ATP2A3,1,0,0,534.5,529.5,532,,
6337,SCNN1A,1,0,0,534.5,529.5,532,,
4638,MYLK,1,0,0,534.5,529.5,532,,
1366,CLDN7,1,0,0,534.5,529.5,532,,
8828,NRP2,1,0,0,534.5,529.5,532,,
1803,DPP4,1,0,0,534.5,529.5,532,,
140803,TRPM6,1,0,0,534.5,529.5,532,,
731,C8A,1,0,0,534.5,529.5,532,,
2475,MTOR,1,0,0,534.5,529.5,532,,
7855,FZD5,1,0,0,534.5,529.5,532,,
9126,SMC3,1,0,0,534.5,529.5,532,,
800,CALD1,1,0,0,534.5,529.5,532,,
1270,CNTF,1,0,0,534.5,529.5,532,,
88,ACTN2,1,0,0,534.5,529.5,532,,
5362,PLXNA2,1,0,0,534.5,529.5,532,,
59352,LGR6,1,0,0,534.5,529.5,532,,
259266,ASPM,1,0,0,534.5,529.5,532,,
64326,COP1,1,0,0,534.5,529.5,532,,
481,ATP1B1,1,0,0,534.5,529.5,532,,
5451,POU2F1,1,0,0,534.5,529.5,532,,
10763,NES,1,0,0,534.5,529.5,532,,
81847,RNF146,1,0,0,534.5,529.5,532,,
3570,IL6R,1,0,0,534.5,529.5,532,,
2312,FLG,1,0,0,534.5,529.5,532,,
4893,NRAS,1,0,0,534.5,529.5,532,,
55558,PLXNA3,1,0,0,534.5,529.5,532,,
10768,AHCYL1,1,0,0,534.5,529.5,532,,
3897,L1CAM,1,0,0,534.5,529.5,532,,
8945,BTRC,1,0,0,534.5,529.5,532,,
2941,GSTA4,1,0,0,534.5,529.5,532,,
7512,XPNPEP2,1,0,0,534.5,529.5,532,,
3725,JUN,1,0,0,534.5,529.5,532,,
4070,TACSTD2,1,0,0,534.5,529.5,532,,
1600,DAB1,1,0,0,534.5,529.5,532,,
732,C8B,1,0,0,534.5,529.5,532,,
1558,CYP2C8,1,0,0,534.5,529.5,532,,
860,RUNX2,1,0,0,534.5,529.5,532,,
55165,CEP55,1,0,0,534.5,529.5,532,,
389816,LRRC26,1,0,0,534.5,529.5,532,,
51060,TXNDC12,1,0,0,534.5,529.5,532,,
80351,TNKS2,1,0,0,534.5,529.5,532,,
733,C8G,1,0,0,534.5,529.5,532,,
5865,RAB3B,1,0,0,534.5,529.5,532,,
284541,CYP4A22,1,0,0,534.5,529.5,532,,
3598,IL13RA2,1,0,0,534.5,529.5,532,,
1831,TSC22D3,1,0,0,534.5,529.5,532,,
991,CDC20,1,0,0,534.5,529.5,532,,
6406,SEMG1,1,0,0,534.5,529.5,532,,
100,ADA,1,0,0,534.5,529.5,532,,
54209,TREM2,1,0,0,534.5,529.5,532,,
1025,CDK9,1,0,0,534.5,529.5,532,,
54657,UGT1A4,1,0,0,534.5,529.5,532,,
54577,UGT1A7,1,0,0,534.5,529.5,532,,
54576,UGT1A8,1,0,0,534.5,529.5,532,,
2691,GHRH,1,0,0,534.5,529.5,532,,
2833,CXCR3,1,0,0,534.5,529.5,532,,
7099,TLR4,1,0,0,534.5,529.5,532,,
79727,LIN28A,1,0,0,534.5,529.5,532,,
4303,FOXO4,1,0,0,534.5,529.5,532,,
3710,ITPR3,1,0,0,534.5,529.5,532,,
659,BMPR2,1,0,0,534.5,529.5,532,,
8325,FZD8,1,0,0,534.5,529.5,532,,
3339,HSPG2,1,0,0,534.5,529.5,532,,
1290,COL5A2,1,0,0,534.5,529.5,532,,
53358,SHC3,1,0,0,534.5,529.5,532,,
2017,CTTN,1,0,0,534.5,529.5,532,,
10529,NEBL,1,0,0,534.5,529.5,532,,
1910,EDNRB,1,0,0,534.5,529.5,532,,
5293,PIK3CD,1,0,0,534.5,529.5,532,,
116085,SLC22A12,1,0,0,534.5,529.5,532,,
6520,SLC3A2,1,0,0,534.5,529.5,532,,
353,APRT,1,0,0,534.5,529.5,532,,
4868,NPHS1,1,0,0,534.5,529.5,532,,
1114,CHGB,1,0,0,534.5,529.5,532,,
190,NR0B1,1,0,0,534.5,529.5,532,,
1271,CNTFR,1,0,0,534.5,529.5,532,,
4897,NRCAM,1,0,0,534.5,529.5,532,,
6339,SCNN1D,1,0,0,534.5,529.5,532,,
55366,LGR4,1,0,0,534.5,529.5,532,,
2308,FOXO1,1,0,0,534.5,529.5,532,,
122011,CSNK1A1L,1,0,0,534.5,529.5,532,,
4499,MT1M,1,0,0,534.5,529.5,532,,
5983,RFC3,1,0,0,534.5,529.5,532,,
51806,CALML5,1,0,0,534.5,529.5,532,,
4300,MLLT3,1,0,0,534.5,529.5,532,,
1280,COL2A1,1,0,0,534.5,529.5,532,,
10670,RRAGA,1,0,0,534.5,529.5,532,,
8644,AKR1C3,1,0,0,534.5,529.5,532,,
5272,SERPINB9,1,0,0,534.5,529.5,532,,
1646,AKR1C2,1,0,0,534.5,529.5,532,,
57502,NLGN4X,1,0,0,534.5,529.5,532,,
3572,IL6ST,1,0,0,534.5,529.5,532,,
3709,ITPR2,1,0,0,534.5,529.5,532,,
51109,RDH11,1,0,0,534.5,529.5,532,,
3717,JAK2,1,0,0,534.5,529.5,532,,
2618,GART,1,0,0,534.5,529.5,532,,
55276,PGM2,1,0,0,534.5,529.5,532,,
928,CD9,1,0,0,534.5,529.5,532,,
93589,CACNA2D4,1,0,0,534.5,529.5,532,,
4487,MSX1,1,0,0,534.5,529.5,532,,
6370,CCL25,1,0,0,534.5,529.5,532,,
3903,LAIR1,1,0,0,534.5,529.5,532,,
208,AKT2,1,0,0,534.5,529.5,532,,
5984,RFC4,1,0,0,534.5,529.5,532,,
2885,GRB2,1,0,0,534.5,529.5,532,,
1894,ECT2,1,0,0,534.5,529.5,532,,
974,CD79B,1,0,0,534.5,529.5,532,,
3479,IGF1,1,0,0,534.5,529.5,532,,
5450,POU2AF1,1,0,0,534.5,529.5,532,,
5068,REG3A,1,0,0,534.5,529.5,532,,
2172,FABP6,1,0,0,534.5,529.5,532,,
782,CACNB1,1,0,0,534.5,529.5,532,,
4501,MT1X,1,0,0,534.5,529.5,532,,
3426,CFI,1,0,0,534.5,529.5,532,,
5532,PPP3CB,1,0,0,534.5,529.5,532,,
5530,PPP3CA,1,0,0,534.5,529.5,532,,
1588,CYP19A1,1,0,0,534.5,529.5,532,,
272,AMPD3,1,0,0,534.5,529.5,532,,
3105,HLA-A,1,0,0,534.5,529.5,532,,
81029,WNT5B,1,0,0,534.5,529.5,532,,
3630,INS,1,0,0,534.5,529.5,532,,
26993,AKAP8L,1,0,0,534.5,529.5,532,,
4155,MBP,1,0,0,534.5,529.5,532,,
94025,MUC16,1,0,0,534.5,529.5,532,,
1500,CTNND1,1,0,0,534.5,529.5,532,,
4363,ABCC1,1,0,0,534.5,529.5,532,,
10587,TXNRD2,1,0,0,534.5,529.5,532,,
2642,GCGR,1,0,0,534.5,529.5,532,,
4148,MATN3,1,0,0,534.5,529.5,532,,
9612,NCOR2,1,0,0,534.5,529.5,532,,
2199,FBLN2,1,0,0,534.5,529.5,532,,
1259,CNGA1,1,0,0,534.5,529.5,532,,
4852,NPY,1,0,0,534.5,529.5,532,,
30010,NXPH1,1,0,0,534.5,529.5,532,,
5465,PPARA,1,0,0,534.5,529.5,532,,
3569,IL6,1,0,0,534.5,529.5,532,,
176,ACAN,1,0,0,534.5,529.5,532,,
59272,ACE2,1,0,0,534.5,529.5,532,,
3481,IGF2,1,0,0,534.5,529.5,532,,
5649,RELN,1,0,0,534.5,529.5,532,,
22871,NLGN1,1,0,0,534.5,529.5,532,,
8671,SLC4A4,1,0,0,534.5,529.5,532,,
10663,CXCR6,1,0,0,534.5,529.5,532,,
720,C4A,1,0,0,534.5,529.5,532,,
6324,SCN1B,1,0,0,534.5,529.5,532,,
117579,RLN3,1,0,0,534.5,529.5,532,,
960,CD44,1,0,0,534.5,529.5,532,,
7124,TNF,1,0,0,534.5,529.5,532,,
387,RHOA,1,0,0,534.5,529.5,532,,
3908,LAMA2,1,0,0,534.5,529.5,532,,
10672,GNA13,1,0,0,534.5,529.5,532,,
6464,SHC1,1,0,0,534.5,529.5,532,,
2710,GK,1,0,0,534.5,529.5,532,,
658,BMPR1B,1,0,0,534.5,529.5,532,,
29127,RACGAP1,1,0,0,534.5,529.5,532,,
90,ACVR1,1,0,0,534.5,529.5,532,,
2821,GPI,1,0,0,534.5,529.5,532,,
4588,MUC6,1,0,0,534.5,529.5,532,,
4589,MUC7,1,0,0,534.5,529.5,532,,
3265,HRAS,1,0,0,534.5,529.5,532,,
10242,KCNMB2,1,0,0,534.5,529.5,532,,
5985,RFC5,1,0,0,534.5,529.5,532,,
54921,CHTF8,1,0,0,534.5,529.5,532,,
2217,FCGRT,1,0,0,534.5,529.5,532,,
9587,MAD2L1BP,1,0,0,534.5,529.5,532,,
5788,PTPRC,1,0,0,534.5,529.5,532,,
7153,TOP2A,1,0,0,534.5,529.5,532,,
218,ALDH3A1,1,0,0,534.5,529.5,532,,
721,C4B,1,0,0,534.5,529.5,532,,
57670,KIAA1549,1,0,0,534.5,529.5,532,,
7045,TGFBI,1,0,0,534.5,529.5,532,,
9254,CACNA2D2,1,0,0,534.5,529.5,532,,
5793,PTPRG,1,0,0,534.5,529.5,532,,
54659,UGT1A3,1,0,0,534.5,529.5,532,,
1029,CDKN2A,1,0,0,534.5,529.5,532,,
673,BRAF,1,0,0,534.5,529.5,532,,
91860,CALML4,1,0,0,534.5,529.5,532,,
55799,CACNA2D3,1,0,0,534.5,529.5,532,,
2651,GCNT2,1,0,0,534.5,529.5,532,,
6256,RXRA,1,0,0,534.5,529.5,532,,
2939,GSTA2,1,0,0,534.5,529.5,532,,
846,CASR,1,0,0,534.5,529.5,532,,
23250,ATP11A,1,0,0,534.5,529.5,532,,
112441434,SHLD3,1,0,0,534.5,529.5,532,,
54825,CDHR2,1,0,0,534.5,529.5,532,,
2201,FBN2,1,0,0,534.5,529.5,532,,
4734,NEDD4,1,0,0,534.5,529.5,532,,
5238,PGM3,1,0,0,534.5,529.5,532,,
126,ADH1C,1,0,0,534.5,529.5,532,,
3066,HDAC2,1,0,0,534.5,529.5,532,,
7033,TFF3,1,0,0,534.5,529.5,532,,
195814,SDR16C5,1,0,0,534.5,529.5,532,,
931,MS4A1,1,0,0,534.5,529.5,532,,
8322,FZD4,1,0,0,534.5,529.5,532,,
6588,SLN,1,0,0,534.5,529.5,532,,
727897,MUC5B,1,0,0,534.5,529.5,532,,
785,CACNB4,1,0,0,534.5,529.5,532,,
488,ATP2A2,1,0,0,534.5,529.5,532,,
7253,TSHR,1,0,0,534.5,529.5,532,,
1232,CCR3,1,0,0,534.5,529.5,532,,
91,ACVR1B,1,0,0,534.5,529.5,532,,
10297,APC2,1,0,0,534.5,529.5,532,,
84133,ZNRF3,1,0,0,534.5,529.5,532,,
132,ADK,1,0,0,534.5,529.5,532,,
478,ATP1A3,1,0,0,534.5,529.5,532,,
2289,FKBP5,1,0,0,534.5,529.5,532,,
4637,MYL6,1,0,0,534.5,529.5,532,,
9971,NR1H4,1,0,0,534.5,529.5,532,,
1649,DDIT3,1,0,0,534.5,529.5,532,,
145226,RDH12,1,0,0,534.5,529.5,532,,
140465,MYL6B,1,0,0,534.5,529.5,532,,
12,SERPINA3,1,0,0,534.5,529.5,532,,
207,AKT1,1,0,0,534.5,529.5,532,,
4212,MEIS2,1,0,0,534.5,529.5,532,,
84033,OBSCN,1,0,0,534.5,529.5,532,,
71,ACTG1,1,0,0,534.5,529.5,532,,
4321,MMP12,1,0,0,534.5,529.5,532,,
10418,SPON1,1,0,0,534.5,529.5,532,,
103910,MYL12B,1,0,0,534.5,529.5,532,,
10627,MYL12A,1,0,0,534.5,529.5,532,,
7273,TTN,1,0,0,534.5,529.5,532,,
57731,SPTBN4,1,0,0,534.5,529.5,532,,
5650,KLK7,1,0,0,534.5,529.5,532,,
57817,HAMP,1,0,0,534.5,529.5,532,,
221,ALDH3B1,1,0,0,534.5,529.5,532,,
187,APLNR,1,0,0,534.5,529.5,532,,
3763,KCNJ6,1,0,0,534.5,529.5,532,,
102723407,,1,0,0,534.5,529.5,532,,
140885,SIRPA,1,0,0,534.5,529.5,532,,
7424,VEGFC,1,0,0,534.5,529.5,532,,
9249,DHRS3,1,0,0,534.5,529.5,532,,
100861540,CYP3A7-CYP3A51P,1,0,0,534.5,529.5,532,,
5354,PLP1,1,0,0,534.5,529.5,532,,
8857,FCGBP,1,0,0,534.5,529.5,532,,
5348,FXYD1,1,0,0,534.5,529.5,532,,
8835,SOCS2,1,0,0,534.5,529.5,532,,
26150,RIBC2,1,0,0,534.5,529.5,532,,
5269,SERPINB6,1,0,0,534.5,529.5,532,,
4586,MUC5AC,1,0,0,534.5,529.5,532,,
6934,TCF7L2,1,0,0,534.5,529.5,532,,
6709,SPTAN1,1,0,0,534.5,529.5,532,,
5781,PTPN11,1,0,0,534.5,529.5,532,,
26227,PHGDH,1,0,0,534.5,529.5,532,,
79784,MYH14,1,0,0,534.5,529.5,532,,
2296,FOXC1,1,0,0,534.5,529.5,532,,
10207,PATJ,1,0,0,534.5,529.5,532,,
60,ACTB,1,0,0,534.5,529.5,532,,
8573,CASK,1,0,0,534.5,529.5,532,,
2937,GSS,1,0,0,534.5,529.5,532,,
54822,TRPM7,1,0,0,534.5,529.5,532,,
6710,SPTB,1,0,0,534.5,529.5,532,,
4254,KITLG,1,0,0,534.5,529.5,532,,
1565,CYP2D6,1,0,0,534.5,529.5,532,,
1589,CYP21A2,1,0,0,534.5,529.5,532,,
4036,LRP2,1,0,0,534.5,529.5,532,,
1244,ABCC2,1,0,0,534.5,529.5,532,,
1742,DLG4,1,0,0,534.5,529.5,532,,
567,B2M,1,0,0,534.5,529.5,532,,
3605,IL17A,1,0,0,534.5,529.5,532,,
1749,DLX5,1,0,0,534.5,529.5,532,,
340665,CYP26C1,1,0,0,534.5,529.5,532,,
355,FAS,1,0,0,534.5,529.5,532,,
2273,FHL1,1,0,0,534.5,529.5,532,,
50700,RDH8,1,0,0,534.5,529.5,532,,
26585,GREM1,1,0,0,534.5,529.5,532,,
271,AMPD2,1,0,0,534.5,529.5,532,,
10000,AKT3,1,0,0,534.5,529.5,532,,
5291,PIK3CB,1,0,0,534.5,529.5,532,,
222,ALDH3B2,1,0,0,534.5,529.5,532
